{"topic": "kNN", "client": "", "usecase": "", "target": "stroke", "ex_target": "death_event", "idcolumns": ["id"], "dataset": "healthcare-dataset-stroke-data.csv", "ex_dataset": "heart_failure_clinical_records_dataset.csv", "sampled_rows": false, "numeric_cols": ["bmi", "age", "avg_glucose_level"], "categorical_cols_dict": {"heart_disease": {"n_levels": 2, "convert_to_categorical": false}, "work_type": {"n_levels": 5, "convert_to_categorical": false}, "ever_married": {"n_levels": 2, "convert_to_categorical": false}, "hypertension": {"n_levels": 2, "convert_to_categorical": false}, "gender": {"n_levels": 3, "convert_to_categorical": false}, "Residence_type": {"n_levels": 2, "convert_to_categorical": false}, "smoking_status": {"n_levels": 3, "convert_to_categorical": false}}, "categorical_cols": ["heart_disease", "ever_married", "hypertension", "Residence_type", "gender", "smoking_status", "work_type"], "ex_idcolumns": ["id"], "ex_sampled_rows": false, "ex_numeric_cols": ["age", "serum_sodium", "time", "platelets", "ejection_fraction", "serum_creatinine", "creatinine_phosphokinase"], "ex_categorical_cols_dict": {"anaemia": {"n_levels": 2, "convert_to_categorical": false}, "high_blood_pressure": {"n_levels": 2, "convert_to_categorical": false}, "smoking": {"n_levels": 2, "convert_to_categorical": false}, "sex": {"n_levels": 2, "convert_to_categorical": false}, "diabetes": {"n_levels": 2, "convert_to_categorical": false}}, "ex_categorical_cols": ["anaemia", "high_blood_pressure", "smoking", "sex", "diabetes"], "target_convert_to_binary": false, "ex_target_convert_to_binary": false}